"object","key","field","value","row_order","review_round","review_authority"
"PARAM_CATALOGUE","N","definition","Number of animals in this sub-category",1,"",""
"PARAM_CATALOGUE","N","unit","head",1,"",""
"PARAM_CATALOGUE","N","ipcc_default",<NA>,1,"",""
"PARAM_CATALOGUE","N","suggested_uncertainty_pct","10",1,"",""
"PARAM_CATALOGUE","N","suggested_distribution","normal",1,"",""
"PARAM_CATALOGUE","N","suggested_lower_bound",<NA>,1,"",""
"PARAM_CATALOGUE","N","suggested_upper_bound",<NA>,1,"",""
"PARAM_CATALOGUE","N","param_type","activity_data",1,"R1 Divergence 2","reviewer"
"PARAM_CATALOGUE","N","param_tier","core",1,"",""
"PARAM_CATALOGUE","N","user_reducible","TRUE",1,"",""
"PARAM_CATALOGUE","N","ipcc_ref","",1,"",""
"PARAM_CATALOGUE","N","ipcc_software_name","N(T) — Annual Average Population (head)",1,"",""
"PARAM_CATALOGUE","BW","definition","Average live body weight of the animals",2,"",""
"PARAM_CATALOGUE","BW","unit","kg",2,"",""
"PARAM_CATALOGUE","BW","ipcc_default","275",2,"",""
"PARAM_CATALOGUE","BW","suggested_uncertainty_pct","15",2,"",""
"PARAM_CATALOGUE","BW","suggested_distribution","normal",2,"",""
"PARAM_CATALOGUE","BW","suggested_lower_bound",<NA>,2,"",""
"PARAM_CATALOGUE","BW","suggested_upper_bound",<NA>,2,"",""
"PARAM_CATALOGUE","BW","param_type","coefficient",2,"",""
"PARAM_CATALOGUE","BW","param_tier","core",2,"",""
"PARAM_CATALOGUE","BW","user_reducible","TRUE",2,"",""
"PARAM_CATALOGUE","BW","ipcc_ref","Table 10A.2",2,"",""
"PARAM_CATALOGUE","BW","ipcc_software_name","BW — Body weight (kg) [also TAM = Typical Animal Mass; IPCC Eq 10.3/10.6/10.17/10.18]",2,"",""
"PARAM_CATALOGUE","MW","definition","Mature (adult) body weight of the animals",3,"",""
"PARAM_CATALOGUE","MW","unit","kg",3,"",""
"PARAM_CATALOGUE","MW","ipcc_default","300",3,"",""
"PARAM_CATALOGUE","MW","suggested_uncertainty_pct","10",3,"",""
"PARAM_CATALOGUE","MW","suggested_distribution","normal",3,"",""
"PARAM_CATALOGUE","MW","suggested_lower_bound",<NA>,3,"",""
"PARAM_CATALOGUE","MW","suggested_upper_bound",<NA>,3,"",""
"PARAM_CATALOGUE","MW","param_type","coefficient",3,"",""
"PARAM_CATALOGUE","MW","param_tier","core",3,"",""
"PARAM_CATALOGUE","MW","user_reducible","TRUE",3,"",""
"PARAM_CATALOGUE","MW","ipcc_ref","Table 10A.2",3,"",""
"PARAM_CATALOGUE","MW","ipcc_software_name","(MW) — Mature body weight, used in NEg equation",3,"",""
"PARAM_CATALOGUE","WG","definition","Average daily weight gain — set 0 for non-growing (adult) animals",4,"",""
"PARAM_CATALOGUE","WG","unit","kg/day",4,"",""
"PARAM_CATALOGUE","WG","ipcc_default","0",4,"",""
"PARAM_CATALOGUE","WG","suggested_uncertainty_pct","30",4,"",""
"PARAM_CATALOGUE","WG","suggested_distribution","pert",4,"",""
"PARAM_CATALOGUE","WG","suggested_lower_bound",<NA>,4,"",""
"PARAM_CATALOGUE","WG","suggested_upper_bound",<NA>,4,"",""
"PARAM_CATALOGUE","WG","param_type","coefficient",4,"",""
"PARAM_CATALOGUE","WG","param_tier","core",4,"",""
"PARAM_CATALOGUE","WG","user_reducible","TRUE",4,"",""
"PARAM_CATALOGUE","WG","ipcc_ref","Table 10A.1",4,"",""
"PARAM_CATALOGUE","WG","ipcc_software_name","WG — Daily weight gain (Average Daily Feed Intake tab)",4,"",""
"PARAM_CATALOGUE","Milk","definition","Daily milk yield per lactating cow (not sub-category-average — the tool multiplies by pct_pregnant internally). Set 0 for sub-categories that do not lactate.",5,"",""
"PARAM_CATALOGUE","Milk","unit","kg/head/day",5,"",""
"PARAM_CATALOGUE","Milk","ipcc_default","3.5",5,"R8 p7","reviewer"
"PARAM_CATALOGUE","Milk","suggested_uncertainty_pct","20",5,"",""
"PARAM_CATALOGUE","Milk","suggested_distribution","normal",5,"",""
"PARAM_CATALOGUE","Milk","suggested_lower_bound",<NA>,5,"",""
"PARAM_CATALOGUE","Milk","suggested_upper_bound",<NA>,5,"",""
"PARAM_CATALOGUE","Milk","param_type","coefficient",5,"",""
"PARAM_CATALOGUE","Milk","param_tier","core",5,"",""
"PARAM_CATALOGUE","Milk","user_reducible","TRUE",5,"",""
"PARAM_CATALOGUE","Milk","ipcc_ref","",5,"",""
"PARAM_CATALOGUE","Milk","ipcc_software_name","Milk — Average daily milk production (kg/day)",5,"",""
"PARAM_CATALOGUE","Fat","definition","Fat content of milk (% by weight)",6,"",""
"PARAM_CATALOGUE","Fat","unit","%",6,"",""
"PARAM_CATALOGUE","Fat","ipcc_default","4.3",6,"R8 p7","reviewer"
"PARAM_CATALOGUE","Fat","suggested_uncertainty_pct","10",6,"",""
"PARAM_CATALOGUE","Fat","suggested_distribution","normal",6,"",""
"PARAM_CATALOGUE","Fat","suggested_lower_bound",<NA>,6,"",""
"PARAM_CATALOGUE","Fat","suggested_upper_bound",<NA>,6,"",""
"PARAM_CATALOGUE","Fat","param_type","coefficient",6,"",""
"PARAM_CATALOGUE","Fat","param_tier","core",6,"",""
"PARAM_CATALOGUE","Fat","user_reducible","TRUE",6,"",""
"PARAM_CATALOGUE","Fat","ipcc_ref","",6,"",""
"PARAM_CATALOGUE","Fat","ipcc_software_name","Fat — Fat content of milk (% by weight)",6,"",""
"PARAM_CATALOGUE","pct_pregnant","definition","Fraction of females in this sub-category that are pregnant during the year, between 0 and 1 — includes pregnant heifers that have not yet calved. Weights Cpregnancy in IPCC Eq 10.13 (NEp) and the milk-N retention term in Eq 10.33; the tool also applies it as the lactation-weight in Eq 10.8 (NEl). For sub-categories where lactation and pregnancy populations differ, enter the pregnancy fraction.",7,"",""
"PARAM_CATALOGUE","pct_pregnant","unit","fraction (0-1)",7,"",""
"PARAM_CATALOGUE","pct_pregnant","ipcc_default","0.6",7,"",""
"PARAM_CATALOGUE","pct_pregnant","suggested_uncertainty_pct","20",7,"",""
"PARAM_CATALOGUE","pct_pregnant","suggested_distribution","beta",7,"",""
"PARAM_CATALOGUE","pct_pregnant","suggested_lower_bound",<NA>,7,"",""
"PARAM_CATALOGUE","pct_pregnant","suggested_upper_bound",<NA>,7,"",""
"PARAM_CATALOGUE","pct_pregnant","param_type","coefficient",7,"",""
"PARAM_CATALOGUE","pct_pregnant","param_tier","core",7,"",""
"PARAM_CATALOGUE","pct_pregnant","user_reducible","TRUE",7,"",""
"PARAM_CATALOGUE","pct_pregnant","ipcc_ref","",7,"",""
"PARAM_CATALOGUE","pct_pregnant","ipcc_software_name","pct_pregnant — Fraction of females pregnant in a year (Cpregnancy weight in Eq 10.13; includes pregnant heifers)",7,"",""
"PARAM_CATALOGUE","DE","definition","Digestible energy as a percentage of gross energy — typical range 45-75%",8,"",""
"PARAM_CATALOGUE","DE","unit","%",8,"",""
"PARAM_CATALOGUE","DE","ipcc_default","55",8,"",""
"PARAM_CATALOGUE","DE","suggested_uncertainty_pct","15",8,"",""
"PARAM_CATALOGUE","DE","suggested_distribution","normal",8,"",""
"PARAM_CATALOGUE","DE","suggested_lower_bound",<NA>,8,"",""
"PARAM_CATALOGUE","DE","suggested_upper_bound",<NA>,8,"",""
"PARAM_CATALOGUE","DE","param_type","coefficient",8,"",""
"PARAM_CATALOGUE","DE","param_tier","core",8,"",""
"PARAM_CATALOGUE","DE","user_reducible","TRUE",8,"",""
"PARAM_CATALOGUE","DE","ipcc_ref","Eq 10.14--16",8,"",""
"PARAM_CATALOGUE","DE","ipcc_software_name","DE% — Feed digestibility (%)",8,"",""
"PARAM_CATALOGUE","Cfi","definition","Maintenance energy coefficient — depends on sex and lactation status (IPCC Table 10.4)",9,"",""
"PARAM_CATALOGUE","Cfi","unit","MJ/day/kg^0.75",9,"",""
"PARAM_CATALOGUE","Cfi","ipcc_default","0.386",9,"",""
"PARAM_CATALOGUE","Cfi","suggested_uncertainty_pct","30",9,"",""
"PARAM_CATALOGUE","Cfi","suggested_distribution","pert",9,"",""
"PARAM_CATALOGUE","Cfi","suggested_lower_bound",<NA>,9,"",""
"PARAM_CATALOGUE","Cfi","suggested_upper_bound",<NA>,9,"",""
"PARAM_CATALOGUE","Cfi","param_type","coefficient",9,"",""
"PARAM_CATALOGUE","Cfi","param_tier","advanced",9,"",""
"PARAM_CATALOGUE","Cfi","user_reducible","FALSE",9,"",""
"PARAM_CATALOGUE","Cfi","ipcc_ref","Table 10.4",9,"",""
"PARAM_CATALOGUE","Cfi","ipcc_software_name","Cfi — Coefficient for calculating Net Energy for Maintenance",9,"",""
"PARAM_CATALOGUE","Ca","definition","Activity coefficient for locomotion energy — depends on feeding situation (IPCC Table 10.5)",10,"",""
"PARAM_CATALOGUE","Ca","unit","dimensionless",10,"",""
"PARAM_CATALOGUE","Ca","ipcc_default","0.17",10,"",""
"PARAM_CATALOGUE","Ca","suggested_uncertainty_pct","30",10,"",""
"PARAM_CATALOGUE","Ca","suggested_distribution","triangular",10,"R8 p6","reviewer"
"PARAM_CATALOGUE","Ca","suggested_lower_bound",<NA>,10,"",""
"PARAM_CATALOGUE","Ca","suggested_upper_bound",<NA>,10,"",""
"PARAM_CATALOGUE","Ca","param_type","coefficient",10,"",""
"PARAM_CATALOGUE","Ca","param_tier","advanced",10,"",""
"PARAM_CATALOGUE","Ca","user_reducible","FALSE",10,"",""
"PARAM_CATALOGUE","Ca","ipcc_ref","Table 10.5",10,"",""
"PARAM_CATALOGUE","Ca","ipcc_software_name","Ca — Activity coefficient",10,"",""
"PARAM_CATALOGUE","C","definition","Growth coefficient for the NEg equation — depends on sex and physiological status (IPCC Eq 10.6)",11,"",""
"PARAM_CATALOGUE","C","unit","dimensionless",11,"",""
"PARAM_CATALOGUE","C","ipcc_default","0.8",11,"",""
"PARAM_CATALOGUE","C","suggested_uncertainty_pct","30",11,"",""
"PARAM_CATALOGUE","C","suggested_distribution","triangular",11,"R8 p6","reviewer"
"PARAM_CATALOGUE","C","suggested_lower_bound",<NA>,11,"",""
"PARAM_CATALOGUE","C","suggested_upper_bound",<NA>,11,"",""
"PARAM_CATALOGUE","C","param_type","coefficient",11,"",""
"PARAM_CATALOGUE","C","param_tier","advanced",11,"",""
"PARAM_CATALOGUE","C","user_reducible","FALSE",11,"",""
"PARAM_CATALOGUE","C","ipcc_ref","Eq 10.6",11,"",""
"PARAM_CATALOGUE","C","ipcc_software_name","(C) — Growth coefficient (sex-dependent: female 0.8 / castrate 1.0 / bull 1.2)",11,"",""
"PARAM_CATALOGUE","Cp","definition","Pregnancy coefficient — 0.10 for pregnant animals (IPCC Table 10.7)",12,"",""
"PARAM_CATALOGUE","Cp","unit","dimensionless",12,"",""
"PARAM_CATALOGUE","Cp","ipcc_default","0.1",12,"",""
"PARAM_CATALOGUE","Cp","suggested_uncertainty_pct","10",12,"",""
"PARAM_CATALOGUE","Cp","suggested_distribution","beta",12,"R8 p6","reviewer"
"PARAM_CATALOGUE","Cp","suggested_lower_bound",<NA>,12,"",""
"PARAM_CATALOGUE","Cp","suggested_upper_bound",<NA>,12,"",""
"PARAM_CATALOGUE","Cp","param_type","coefficient",12,"",""
"PARAM_CATALOGUE","Cp","param_tier","advanced",12,"",""
"PARAM_CATALOGUE","Cp","user_reducible","FALSE",12,"",""
"PARAM_CATALOGUE","Cp","ipcc_ref","Table 10.7",12,"",""
"PARAM_CATALOGUE","Cp","ipcc_software_name","Cpregnancy — Coefficient for calculating Net Energy for Pregnancy",12,"",""
"PARAM_CATALOGUE","hours","definition","Daily working hours (Eq. 10.11) — set 0 if animals do no work; relevant only where animals are used for traction/load",13,"",""
"PARAM_CATALOGUE","hours","unit","hours/day",13,"",""
"PARAM_CATALOGUE","hours","ipcc_default","0",13,"",""
"PARAM_CATALOGUE","hours","suggested_uncertainty_pct","20",13,"",""
"PARAM_CATALOGUE","hours","suggested_distribution","pert",13,"",""
"PARAM_CATALOGUE","hours","suggested_lower_bound",<NA>,13,"",""
"PARAM_CATALOGUE","hours","suggested_upper_bound",<NA>,13,"",""
"PARAM_CATALOGUE","hours","param_type","coefficient",13,"",""
"PARAM_CATALOGUE","hours","param_tier","core",13,"",""
"PARAM_CATALOGUE","hours","user_reducible","TRUE",13,"",""
"PARAM_CATALOGUE","hours","ipcc_ref","Eq 10.11",13,"",""
"PARAM_CATALOGUE","hours","ipcc_software_name","(hours) — Daily working hours",13,"",""
"PARAM_CATALOGUE","CP","definition","Crude protein (CP%) content of the diet — used to estimate nitrogen excretion",14,"",""
"PARAM_CATALOGUE","CP","unit","%",14,"",""
"PARAM_CATALOGUE","CP","ipcc_default","10",14,"",""
"PARAM_CATALOGUE","CP","suggested_uncertainty_pct","15",14,"",""
"PARAM_CATALOGUE","CP","suggested_distribution","normal",14,"",""
"PARAM_CATALOGUE","CP","suggested_lower_bound",<NA>,14,"",""
"PARAM_CATALOGUE","CP","suggested_upper_bound",<NA>,14,"",""
"PARAM_CATALOGUE","CP","param_type","coefficient",14,"",""
"PARAM_CATALOGUE","CP","param_tier","core",14,"",""
"PARAM_CATALOGUE","CP","user_reducible","TRUE",14,"",""
"PARAM_CATALOGUE","CP","ipcc_ref","Eq 10.32",14,"",""
"PARAM_CATALOGUE","CP","ipcc_software_name","CP% — Percent crude protein in diet",14,"",""
"PARAM_CATALOGUE","Ym","definition","Methane conversion factor: % of gross energy in feed converted to methane (IPCC Table 10.12)",15,"",""
"PARAM_CATALOGUE","Ym","unit","%",15,"",""
"PARAM_CATALOGUE","Ym","ipcc_default","6.5",15,"",""
"PARAM_CATALOGUE","Ym","suggested_uncertainty_pct","20",15,"internal","internal"
"PARAM_CATALOGUE","Ym","suggested_distribution","pert",15,"",""
"PARAM_CATALOGUE","Ym","suggested_lower_bound",<NA>,15,"",""
"PARAM_CATALOGUE","Ym","suggested_upper_bound",<NA>,15,"",""
"PARAM_CATALOGUE","Ym","param_type","coefficient",15,"",""
"PARAM_CATALOGUE","Ym","param_tier","advanced",15,"",""
"PARAM_CATALOGUE","Ym","user_reducible","FALSE",15,"",""
"PARAM_CATALOGUE","Ym","ipcc_ref","Table 10.12",15,"",""
"PARAM_CATALOGUE","Ym","ipcc_software_name","Ym — Methane conversion factor (% of GE → CH4)",15,"",""
"PARAM_CATALOGUE","Bo","definition","Maximum CH₄ producing capacity of manure (IPCC Table 10.16)",16,"",""
"PARAM_CATALOGUE","Bo","unit","m3 CH₄/kg VS",16,"",""
"PARAM_CATALOGUE","Bo","ipcc_default","0.13",16,"internal","internal"
"PARAM_CATALOGUE","Bo","suggested_uncertainty_pct","15",16,"ours","ours"
"PARAM_CATALOGUE","Bo","suggested_distribution","pert",16,"",""
"PARAM_CATALOGUE","Bo","suggested_lower_bound",<NA>,16,"",""
"PARAM_CATALOGUE","Bo","suggested_upper_bound",<NA>,16,"",""
"PARAM_CATALOGUE","Bo","param_type","coefficient",16,"",""
"PARAM_CATALOGUE","Bo","param_tier","advanced",16,"",""
"PARAM_CATALOGUE","Bo","user_reducible","FALSE",16,"",""
"PARAM_CATALOGUE","Bo","ipcc_ref","Table 10.16",16,"",""
"PARAM_CATALOGUE","Bo","ipcc_software_name","Bo — Maximum methane producing capacity",16,"",""
"PARAM_CATALOGUE","ASH","definition","Ash content of manure — IPCC default 0.08 (Eq 10.24 footnote)",17,"",""
"PARAM_CATALOGUE","ASH","unit","fraction",17,"",""
"PARAM_CATALOGUE","ASH","ipcc_default","0.08",17,"",""
"PARAM_CATALOGUE","ASH","suggested_uncertainty_pct","25",17,"",""
"PARAM_CATALOGUE","ASH","suggested_distribution","pert",17,"",""
"PARAM_CATALOGUE","ASH","suggested_lower_bound",<NA>,17,"",""
"PARAM_CATALOGUE","ASH","suggested_upper_bound",<NA>,17,"",""
"PARAM_CATALOGUE","ASH","param_type","coefficient",17,"",""
"PARAM_CATALOGUE","ASH","param_tier","advanced",17,"",""
"PARAM_CATALOGUE","ASH","user_reducible","FALSE",17,"",""
"PARAM_CATALOGUE","ASH","ipcc_ref","Eq 10.24",17,"",""
"PARAM_CATALOGUE","ASH","ipcc_software_name","ASH — Ash content of manure (fraction of dry matter)",17,"",""
"PARAM_CATALOGUE","UE","definition","Urinary energy as fraction of gross energy — IPCC default 0.04 (Eq 10.24 footnote)",18,"",""
"PARAM_CATALOGUE","UE","unit","fraction",18,"",""
"PARAM_CATALOGUE","UE","ipcc_default","0.04",18,"",""
"PARAM_CATALOGUE","UE","suggested_uncertainty_pct","25",18,"",""
"PARAM_CATALOGUE","UE","suggested_distribution","pert",18,"",""
"PARAM_CATALOGUE","UE","suggested_lower_bound",<NA>,18,"",""
"PARAM_CATALOGUE","UE","suggested_upper_bound",<NA>,18,"",""
"PARAM_CATALOGUE","UE","param_type","coefficient",18,"",""
"PARAM_CATALOGUE","UE","param_tier","advanced",18,"",""
"PARAM_CATALOGUE","UE","user_reducible","FALSE",18,"",""
"PARAM_CATALOGUE","UE","ipcc_ref","Eq 10.24",18,"",""
"PARAM_CATALOGUE","UE","ipcc_software_name","UE — Urinary Energy fraction of GE",18,"",""
"PARAM_CATALOGUE","EF3_PRP","definition","N₂O emission factor for dung/urine on pasture (IPCC Vol.4 Ch.11 Table 11.1). 2019R EF3_PRP,CPP for cattle/poultry/pigs: aggregated 0.004; wet climate 0.006; dry climate 0.002. 2006 = 0.02.",19,"",""
"PARAM_CATALOGUE","EF3_PRP","unit","kg N2O-N/kg N",19,"",""
"PARAM_CATALOGUE","EF3_PRP","ipcc_default","0.006",19,"internal","internal"
"PARAM_CATALOGUE","EF3_PRP","suggested_uncertainty_pct",<NA>,19,"",""
"PARAM_CATALOGUE","EF3_PRP","suggested_distribution","pert",19,"",""
"PARAM_CATALOGUE","EF3_PRP","suggested_lower_bound","5e-04",19,"internal","internal"
"PARAM_CATALOGUE","EF3_PRP","suggested_upper_bound","0.027",19,"",""
"PARAM_CATALOGUE","EF3_PRP","param_type","coefficient",19,"",""
"PARAM_CATALOGUE","EF3_PRP","param_tier","advanced",19,"",""
"PARAM_CATALOGUE","EF3_PRP","user_reducible","FALSE",19,"",""
"PARAM_CATALOGUE","EF3_PRP","ipcc_ref","Ch.11 Table 11.1",19,"",""
"PARAM_CATALOGUE","EF3_PRP","ipcc_software_name","EF3(PRP) — Direct N₂O EF, manure on pasture/range/paddock",19,"",""
"PARAM_CATALOGUE","EF4","definition","N₂O EF for atmospheric N deposition (IPCC Vol.4 Ch.11 Table 11.3). 2019R aggregated EF4 = 0.010 (range 0.002-0.018); wet climate 0.014; dry climate 0.005. 2006 = 0.010.",20,"",""
"PARAM_CATALOGUE","EF4","unit","kg N2O-N/kg N",20,"",""
"PARAM_CATALOGUE","EF4","ipcc_default","0.014",20,"internal","internal"
"PARAM_CATALOGUE","EF4","suggested_uncertainty_pct",<NA>,20,"",""
"PARAM_CATALOGUE","EF4","suggested_distribution","lognormal",20,"",""
"PARAM_CATALOGUE","EF4","suggested_lower_bound","0.011",20,"",""
"PARAM_CATALOGUE","EF4","suggested_upper_bound","0.017",20,"",""
"PARAM_CATALOGUE","EF4","param_type","coefficient",20,"",""
"PARAM_CATALOGUE","EF4","param_tier","advanced",20,"",""
"PARAM_CATALOGUE","EF4","user_reducible","FALSE",20,"",""
"PARAM_CATALOGUE","EF4","ipcc_ref","Ch.11 Table 11.3",20,"",""
"PARAM_CATALOGUE","EF4","ipcc_software_name","EF4 — N₂O EF for atmospheric N deposition (Vol 4 Ch 11)",20,"",""
"PARAM_CATALOGUE","EF5","definition","N₂O EF for N leaching/runoff (IPCC Vol.4 Ch.11 Table 11.3). 2019R EF5 = 0.011 (range 0.000-0.020), no climate disaggregation. 2006 = 0.0075.",21,"",""
"PARAM_CATALOGUE","EF5","unit","kg N2O-N/kg N",21,"",""
"PARAM_CATALOGUE","EF5","ipcc_default","0.011",21,"internal","internal"
"PARAM_CATALOGUE","EF5","suggested_uncertainty_pct",<NA>,21,"",""
"PARAM_CATALOGUE","EF5","suggested_distribution","lognormal",21,"",""
"PARAM_CATALOGUE","EF5","suggested_lower_bound","5e-04",21,"internal","internal"
"PARAM_CATALOGUE","EF5","suggested_upper_bound","0.02",21,"",""
"PARAM_CATALOGUE","EF5","param_type","coefficient",21,"",""
"PARAM_CATALOGUE","EF5","param_tier","advanced",21,"",""
"PARAM_CATALOGUE","EF5","user_reducible","FALSE",21,"",""
"PARAM_CATALOGUE","EF5","ipcc_ref","Ch.11 Table 11.3",21,"",""
"PARAM_CATALOGUE","EF5","ipcc_software_name","EF5 — N₂O EF for N leaching/runoff (Vol 4 Ch 11)",21,"",""
"PARAM_CATALOGUE","Frac_GASM_PRP","definition","Fraction of N volatilised from dung/urine on pasture (IPCC Vol.4 Ch.11 Table 11.3, FracGASM). 2019R = 0.21 (range 0.00-0.31); 2006 = 0.20.",22,"",""
"PARAM_CATALOGUE","Frac_GASM_PRP","unit","fraction",22,"",""
"PARAM_CATALOGUE","Frac_GASM_PRP","ipcc_default","0.21",22,"internal","internal"
"PARAM_CATALOGUE","Frac_GASM_PRP","suggested_uncertainty_pct",<NA>,22,"",""
"PARAM_CATALOGUE","Frac_GASM_PRP","suggested_distribution","pert",22,"",""
"PARAM_CATALOGUE","Frac_GASM_PRP","suggested_lower_bound","0.005",22,"internal","internal"
"PARAM_CATALOGUE","Frac_GASM_PRP","suggested_upper_bound","0.31",22,"",""
"PARAM_CATALOGUE","Frac_GASM_PRP","param_type","coefficient",22,"",""
"PARAM_CATALOGUE","Frac_GASM_PRP","param_tier","advanced",22,"",""
"PARAM_CATALOGUE","Frac_GASM_PRP","user_reducible","FALSE",22,"",""
"PARAM_CATALOGUE","Frac_GASM_PRP","ipcc_ref","Ch.11 Table 11.3",22,"",""
"PARAM_CATALOGUE","Frac_GASM_PRP","ipcc_software_name","FracGASM — Fraction of N volatilised from pasture deposition (Table 11.3)",22,"",""
"PARAM_CATALOGUE","Frac_LEACH_PRP","definition","Fraction of N leached from pasture deposition (IPCC Vol.4 Ch.11 Table 11.3, FracLEACH-(H), wet climates only). 2019R = 0.24 (range 0.01-0.73); 2006 = 0.30; in dry climates = 0.",23,"",""
"PARAM_CATALOGUE","Frac_LEACH_PRP","unit","fraction",23,"",""
"PARAM_CATALOGUE","Frac_LEACH_PRP","ipcc_default","0.24",23,"R7 #1","reviewer"
"PARAM_CATALOGUE","Frac_LEACH_PRP","suggested_uncertainty_pct",<NA>,23,"",""
"PARAM_CATALOGUE","Frac_LEACH_PRP","suggested_distribution","pert",23,"",""
"PARAM_CATALOGUE","Frac_LEACH_PRP","suggested_lower_bound","0.01",23,"internal","internal"
"PARAM_CATALOGUE","Frac_LEACH_PRP","suggested_upper_bound","0.73",23,"",""
"PARAM_CATALOGUE","Frac_LEACH_PRP","param_type","coefficient",23,"",""
"PARAM_CATALOGUE","Frac_LEACH_PRP","param_tier","advanced",23,"",""
"PARAM_CATALOGUE","Frac_LEACH_PRP","user_reducible","FALSE",23,"",""
"PARAM_CATALOGUE","Frac_LEACH_PRP","ipcc_ref","Ch.11 Table 11.3",23,"",""
"PARAM_CATALOGUE","Frac_LEACH_PRP","ipcc_software_name","Frac_leach-(H) — Fraction of N lost through leaching from pasture deposition (Table 11.3)",23,"",""
"PARAM_CATALOGUE","MilkPR","definition","Protein content of milk — feeds the milk-N term in IPCC Vol.4 Ch.10 Eq 10.33 (N retention for cattle, where the 6.38 milk-protein-to-N conversion is defined)",24,"",""
"PARAM_CATALOGUE","MilkPR","unit","%",24,"",""
"PARAM_CATALOGUE","MilkPR","ipcc_default","3.3",24,"",""
"PARAM_CATALOGUE","MilkPR","suggested_uncertainty_pct","10",24,"",""
"PARAM_CATALOGUE","MilkPR","suggested_distribution","normal",24,"",""
"PARAM_CATALOGUE","MilkPR","suggested_lower_bound",<NA>,24,"",""
"PARAM_CATALOGUE","MilkPR","suggested_upper_bound",<NA>,24,"",""
"PARAM_CATALOGUE","MilkPR","param_type","coefficient",24,"",""
"PARAM_CATALOGUE","MilkPR","param_tier","core",24,"",""
"PARAM_CATALOGUE","MilkPR","user_reducible","TRUE",24,"",""
"PARAM_CATALOGUE","MilkPR","ipcc_ref","Eq 10.33",24,"",""
"PARAM_CATALOGUE","MilkPR","ipcc_software_name","Milk PR% — Milk protein content (1.9 + 0.4*Fat)",24,"",""
"PARAM_CATALOGUE","Tw","definition","Mean daily temperature in winter (°C) — Cfi cold-climate adjustment per IPCC Vol.4 Ch.10 Eq 10.2 (modifies the Cfi from Eq 10.3). Leave blank or set 20 to disable adjustment",25,"",""
"PARAM_CATALOGUE","Tw","unit","°C",25,"",""
"PARAM_CATALOGUE","Tw","ipcc_default","20",25,"",""
"PARAM_CATALOGUE","Tw","suggested_uncertainty_pct","25",25,"",""
"PARAM_CATALOGUE","Tw","suggested_distribution","normal",25,"",""
"PARAM_CATALOGUE","Tw","suggested_lower_bound",<NA>,25,"",""
"PARAM_CATALOGUE","Tw","suggested_upper_bound",<NA>,25,"",""
"PARAM_CATALOGUE","Tw","param_type","coefficient",25,"",""
"PARAM_CATALOGUE","Tw","param_tier","advanced",25,"",""
"PARAM_CATALOGUE","Tw","user_reducible","TRUE",25,"",""
"PARAM_CATALOGUE","Tw","ipcc_ref","Eq 10.2",25,"",""
"PARAM_CATALOGUE","Tw","ipcc_software_name","Tw — Mean winter daily temperature (°C); IPCC software Cfi adjustment input",25,"",""
"MMS_DEFAULTS","pasture","label","Pasture/Paddock/Range",1,"",""
"MMS_DEFAULTS","pasture","versions","2006,2019",1,"",""
"MMS_DEFAULTS","pasture","ipcc_variant","PRP (Ch.11 pathway; MCF from 2006 Table 10.17 Pasture/Range/Paddock)",1,"",""
"MMS_DEFAULTS","pasture","mcf_tropical","2",1,"",""
"MMS_DEFAULTS","pasture","mcf_tropical_dry","2",1,"",""
"MMS_DEFAULTS","pasture","mcf_temperate","1.5",1,"",""
"MMS_DEFAULTS","pasture","mcf_boreal","1",1,"",""
"MMS_DEFAULTS","pasture","ef3","0.02",1,"",""
"MMS_DEFAULTS","daily_spread","label","Daily Spread",2,"",""
"MMS_DEFAULTS","daily_spread","versions","2006,2019",2,"",""
"MMS_DEFAULTS","daily_spread","ipcc_variant","Daily spread",2,"",""
"MMS_DEFAULTS","daily_spread","mcf_tropical","1",2,"",""
"MMS_DEFAULTS","daily_spread","mcf_tropical_dry","1",2,"",""
"MMS_DEFAULTS","daily_spread","mcf_temperate","0.5",2,"",""
"MMS_DEFAULTS","daily_spread","mcf_boreal","0.1",2,"",""
"MMS_DEFAULTS","daily_spread","ef3","0",2,"",""
"MMS_DEFAULTS","solid_storage","label","Solid Storage",3,"",""
"MMS_DEFAULTS","solid_storage","versions","2006,2019",3,"",""
"MMS_DEFAULTS","solid_storage","ipcc_variant","Solid storage (plain)",3,"",""
"MMS_DEFAULTS","solid_storage","mcf_tropical","5",3,"",""
"MMS_DEFAULTS","solid_storage","mcf_tropical_dry","5",3,"",""
"MMS_DEFAULTS","solid_storage","mcf_temperate","4",3,"",""
"MMS_DEFAULTS","solid_storage","mcf_boreal","2",3,"ours","ours"
"MMS_DEFAULTS","solid_storage","ef3","0.01",3,"internal","internal"
"MMS_DEFAULTS","solid_storage_covered","label","Solid Storage – Covered/Compacted (2019)",4,"",""
"MMS_DEFAULTS","solid_storage_covered","versions","2019",4,"",""
"MMS_DEFAULTS","solid_storage_covered","ipcc_variant","Solid storage - Covered/compacted (2019R Table 10.17)",4,"",""
"MMS_DEFAULTS","solid_storage_covered","mcf_tropical","5",4,"",""
"MMS_DEFAULTS","solid_storage_covered","mcf_tropical_dry","5",4,"",""
"MMS_DEFAULTS","solid_storage_covered","mcf_temperate","4",4,"",""
"MMS_DEFAULTS","solid_storage_covered","mcf_boreal","2",4,"",""
"MMS_DEFAULTS","solid_storage_covered","ef3","0.01",4,"internal","internal"
"MMS_DEFAULTS","dry_lot","label","Dry Lot",5,"",""
"MMS_DEFAULTS","dry_lot","versions","2006,2019",5,"",""
"MMS_DEFAULTS","dry_lot","ipcc_variant","Dry lot",5,"",""
"MMS_DEFAULTS","dry_lot","mcf_tropical","2",5,"ours","ours"
"MMS_DEFAULTS","dry_lot","mcf_tropical_dry","2",5,"ours","ours"
"MMS_DEFAULTS","dry_lot","mcf_temperate","1.5",5,"",""
"MMS_DEFAULTS","dry_lot","mcf_boreal","1",5,"",""
"MMS_DEFAULTS","dry_lot","ef3","0.02",5,"",""
"MMS_DEFAULTS","deep_bedding","label","Deep Bedding (>1 month)",6,"",""
"MMS_DEFAULTS","deep_bedding","versions","2006,2019",6,"",""
"MMS_DEFAULTS","deep_bedding","ipcc_variant","Deep bedding, >1 month accumulation",6,"",""
"MMS_DEFAULTS","deep_bedding","mcf_tropical","80",6,"",""
"MMS_DEFAULTS","deep_bedding","mcf_tropical_dry","80",6,"",""
"MMS_DEFAULTS","deep_bedding","mcf_temperate","39",6,"",""
"MMS_DEFAULTS","deep_bedding","mcf_boreal","17",6,"",""
"MMS_DEFAULTS","deep_bedding","ef3","0.01",6,"",""
"MMS_DEFAULTS","liquid_slurry","label","Liquid/Slurry (with natural crust cover)",7,"",""
"MMS_DEFAULTS","liquid_slurry","versions","2006,2019",7,"",""
"MMS_DEFAULTS","liquid_slurry","ipcc_variant","Liquid/Slurry, with natural crust cover",7,"",""
"MMS_DEFAULTS","liquid_slurry","mcf_tropical","50",7,"",""
"MMS_DEFAULTS","liquid_slurry","mcf_tropical_dry","50",7,"",""
"MMS_DEFAULTS","liquid_slurry","mcf_temperate","24",7,"",""
"MMS_DEFAULTS","liquid_slurry","mcf_boreal","10",7,"",""
"MMS_DEFAULTS","liquid_slurry","ef3","0.005",7,"",""
"MMS_DEFAULTS","composting","label","Composting - Static Pile (forced aeration)",8,"",""
"MMS_DEFAULTS","composting","versions","2006,2019",8,"",""
"MMS_DEFAULTS","composting","ipcc_variant","Composting - Static Pile (forced aeration)",8,"",""
"MMS_DEFAULTS","composting","mcf_tropical","0.5",8,"ours","ours"
"MMS_DEFAULTS","composting","mcf_tropical_dry","0.5",8,"",""
"MMS_DEFAULTS","composting","mcf_temperate","0.5",8,"",""
"MMS_DEFAULTS","composting","mcf_boreal","0.5",8,"",""
"MMS_DEFAULTS","composting","ef3","0.01",8,"ours","ours"
"MMS_DEFAULTS","lagoon","label","Anaerobic Lagoon",9,"",""
"MMS_DEFAULTS","lagoon","versions","2006,2019",9,"",""
"MMS_DEFAULTS","lagoon","ipcc_variant","Uncovered anaerobic lagoon",9,"",""
"MMS_DEFAULTS","lagoon","mcf_tropical","80",9,"",""
"MMS_DEFAULTS","lagoon","mcf_tropical_dry","80",9,"",""
"MMS_DEFAULTS","lagoon","mcf_temperate","77",9,"",""
"MMS_DEFAULTS","lagoon","mcf_boreal","66",9,"",""
"MMS_DEFAULTS","lagoon","ef3","0",9,"",""
"MMS_DEFAULTS","anaerobic_digester","label","Anaerobic Digester / Biogas (low leakage, open storage)",10,"",""
"MMS_DEFAULTS","anaerobic_digester","versions","2019",10,"",""
"MMS_DEFAULTS","anaerobic_digester","ipcc_variant","Anaerobic digester, low leakage, high-quality industrial technology, open storage",10,"",""
"MMS_DEFAULTS","anaerobic_digester","mcf_tropical","4.59",10,"",""
"MMS_DEFAULTS","anaerobic_digester","mcf_tropical_dry","4.59",10,"",""
"MMS_DEFAULTS","anaerobic_digester","mcf_temperate","4.38",10,"",""
"MMS_DEFAULTS","anaerobic_digester","mcf_boreal","3.55",10,"",""
"MMS_DEFAULTS","anaerobic_digester","ef3","6e-04",10,"",""
"MMS_DEFAULTS","aerobic_treatment","label","Aerobic Treatment (2019)",11,"",""
"MMS_DEFAULTS","aerobic_treatment","versions","2019",11,"",""
"MMS_DEFAULTS","aerobic_treatment","ipcc_variant","Aerobic treatment, forced aeration",11,"",""
"MMS_DEFAULTS","aerobic_treatment","mcf_tropical","0",11,"",""
"MMS_DEFAULTS","aerobic_treatment","mcf_tropical_dry","0",11,"",""
"MMS_DEFAULTS","aerobic_treatment","mcf_temperate","0",11,"",""
"MMS_DEFAULTS","aerobic_treatment","mcf_boreal","0",11,"",""
"MMS_DEFAULTS","aerobic_treatment","ef3","0.005",11,"",""
"MMS_DEFAULTS","burned_for_fuel","label","Burned for Fuel (2019)",12,"",""
"MMS_DEFAULTS","burned_for_fuel","versions","2019",12,"",""
"MMS_DEFAULTS","burned_for_fuel","ipcc_variant","Burned for fuel",12,"",""
"MMS_DEFAULTS","burned_for_fuel","mcf_tropical","10",12,"",""
"MMS_DEFAULTS","burned_for_fuel","mcf_tropical_dry","10",12,"",""
"MMS_DEFAULTS","burned_for_fuel","mcf_temperate","10",12,"",""
"MMS_DEFAULTS","burned_for_fuel","mcf_boreal","10",12,"",""
"MMS_DEFAULTS","burned_for_fuel","ef3","0",12,"",""
"MMS_FRAC_DEFAULTS_2019","pasture","frac_gas","0",1,"",""
"MMS_FRAC_DEFAULTS_2019","pasture","frac_gas_low","0",1,"",""
"MMS_FRAC_DEFAULTS_2019","pasture","frac_gas_high","0",1,"",""
"MMS_FRAC_DEFAULTS_2019","pasture","frac_leach","0",1,"",""
"MMS_FRAC_DEFAULTS_2019","pasture","frac_leach_low","0",1,"",""
"MMS_FRAC_DEFAULTS_2019","pasture","frac_leach_high","0",1,"",""
"MMS_FRAC_DEFAULTS_2019","daily_spread","frac_gas","0.07",2,"",""
"MMS_FRAC_DEFAULTS_2019","daily_spread","frac_gas_low","0.05",2,"ours","ours"
"MMS_FRAC_DEFAULTS_2019","daily_spread","frac_gas_high","0.6",2,"ours","ours"
"MMS_FRAC_DEFAULTS_2019","daily_spread","frac_leach","0",2,"",""
"MMS_FRAC_DEFAULTS_2019","daily_spread","frac_leach_low","0",2,"",""
"MMS_FRAC_DEFAULTS_2019","daily_spread","frac_leach_high","0",2,"",""
"MMS_FRAC_DEFAULTS_2019","solid_storage","frac_gas","0.45",3,"",""
"MMS_FRAC_DEFAULTS_2019","solid_storage","frac_gas_low","0.1",3,"ours","ours"
"MMS_FRAC_DEFAULTS_2019","solid_storage","frac_gas_high","0.65",3,"ours","ours"
"MMS_FRAC_DEFAULTS_2019","solid_storage","frac_leach","0.02",3,"",""
"MMS_FRAC_DEFAULTS_2019","solid_storage","frac_leach_low","0.01",3,"",""
"MMS_FRAC_DEFAULTS_2019","solid_storage","frac_leach_high","0.03",3,"",""
"MMS_FRAC_DEFAULTS_2019","solid_storage_covered","frac_gas","0.22",4,"internal","internal"
"MMS_FRAC_DEFAULTS_2019","solid_storage_covered","frac_gas_low","0.03",4,"",""
"MMS_FRAC_DEFAULTS_2019","solid_storage_covered","frac_gas_high","0.26",4,"",""
"MMS_FRAC_DEFAULTS_2019","solid_storage_covered","frac_leach","0",4,"",""
"MMS_FRAC_DEFAULTS_2019","solid_storage_covered","frac_leach_low","0",4,"",""
"MMS_FRAC_DEFAULTS_2019","solid_storage_covered","frac_leach_high","0",4,"",""
"MMS_FRAC_DEFAULTS_2019","dry_lot","frac_gas","0.3",5,"",""
"MMS_FRAC_DEFAULTS_2019","dry_lot","frac_gas_low","0.2",5,"ours","ours"
"MMS_FRAC_DEFAULTS_2019","dry_lot","frac_gas_high","0.5",5,"ours","ours"
"MMS_FRAC_DEFAULTS_2019","dry_lot","frac_leach","0.035",5,"internal","internal"
"MMS_FRAC_DEFAULTS_2019","dry_lot","frac_leach_low","0",5,"",""
"MMS_FRAC_DEFAULTS_2019","dry_lot","frac_leach_high","0.07",5,"",""
"MMS_FRAC_DEFAULTS_2019","deep_bedding","frac_gas","0.25",6,"internal","internal"
"MMS_FRAC_DEFAULTS_2019","deep_bedding","frac_gas_low","0.1",6,"",""
"MMS_FRAC_DEFAULTS_2019","deep_bedding","frac_gas_high","0.3",6,"",""
"MMS_FRAC_DEFAULTS_2019","deep_bedding","frac_leach","0.035",6,"",""
"MMS_FRAC_DEFAULTS_2019","deep_bedding","frac_leach_low","0",6,"",""
"MMS_FRAC_DEFAULTS_2019","deep_bedding","frac_leach_high","0.07",6,"",""
"MMS_FRAC_DEFAULTS_2019","liquid_slurry","frac_gas","0.3",7,"",""
"MMS_FRAC_DEFAULTS_2019","liquid_slurry","frac_gas_low","0.09",7,"ours","ours"
"MMS_FRAC_DEFAULTS_2019","liquid_slurry","frac_gas_high","0.36",7,"ours","ours"
"MMS_FRAC_DEFAULTS_2019","liquid_slurry","frac_leach","0",7,"",""
"MMS_FRAC_DEFAULTS_2019","liquid_slurry","frac_leach_low","0",7,"",""
"MMS_FRAC_DEFAULTS_2019","liquid_slurry","frac_leach_high","0",7,"",""
"MMS_FRAC_DEFAULTS_2019","anaerobic_digester","frac_gas","0.05",8,"",""
"MMS_FRAC_DEFAULTS_2019","anaerobic_digester","frac_gas_low","0.02",8,"",""
"MMS_FRAC_DEFAULTS_2019","anaerobic_digester","frac_gas_high","0.08",8,"",""
"MMS_FRAC_DEFAULTS_2019","anaerobic_digester","frac_leach","0",8,"",""
"MMS_FRAC_DEFAULTS_2019","anaerobic_digester","frac_leach_low","0",8,"",""
"MMS_FRAC_DEFAULTS_2019","anaerobic_digester","frac_leach_high","0",8,"",""
"MMS_FRAC_DEFAULTS_2019","composting","frac_gas","0.65",9,"",""
"MMS_FRAC_DEFAULTS_2019","composting","frac_gas_low","0.14",9,"ours","ours"
"MMS_FRAC_DEFAULTS_2019","composting","frac_gas_high","0.7",9,"ours","ours"
"MMS_FRAC_DEFAULTS_2019","composting","frac_leach","0.06",9,"internal","internal"
"MMS_FRAC_DEFAULTS_2019","composting","frac_leach_low","0.03",9,"",""
"MMS_FRAC_DEFAULTS_2019","composting","frac_leach_high","0.09",9,"",""
"MMS_FRAC_DEFAULTS_2019","aerobic_treatment","frac_gas","0.85",10,"internal","internal"
"MMS_FRAC_DEFAULTS_2019","aerobic_treatment","frac_gas_low","0.27",10,"",""
"MMS_FRAC_DEFAULTS_2019","aerobic_treatment","frac_gas_high","1",10,"",""
"MMS_FRAC_DEFAULTS_2019","aerobic_treatment","frac_leach","0",10,"",""
"MMS_FRAC_DEFAULTS_2019","aerobic_treatment","frac_leach_low","0",10,"",""
"MMS_FRAC_DEFAULTS_2019","aerobic_treatment","frac_leach_high","0",10,"",""
"MMS_FRAC_DEFAULTS_2019","lagoon","frac_gas","0.35",11,"internal","internal"
"MMS_FRAC_DEFAULTS_2019","lagoon","frac_gas_low","0.2",11,"",""
"MMS_FRAC_DEFAULTS_2019","lagoon","frac_gas_high","0.8",11,"",""
"MMS_FRAC_DEFAULTS_2019","lagoon","frac_leach","0",11,"",""
"MMS_FRAC_DEFAULTS_2019","lagoon","frac_leach_low","0",11,"",""
"MMS_FRAC_DEFAULTS_2019","lagoon","frac_leach_high","0",11,"",""
"MMS_FRAC_DEFAULTS_2019","burned_for_fuel","frac_gas","0",12,"",""
"MMS_FRAC_DEFAULTS_2019","burned_for_fuel","frac_gas_low","0",12,"",""
"MMS_FRAC_DEFAULTS_2019","burned_for_fuel","frac_gas_high","0",12,"",""
"MMS_FRAC_DEFAULTS_2019","burned_for_fuel","frac_leach","0",12,"",""
"MMS_FRAC_DEFAULTS_2019","burned_for_fuel","frac_leach_low","0",12,"",""
"MMS_FRAC_DEFAULTS_2019","burned_for_fuel","frac_leach_high","0",12,"",""
"CFI_BY_SUBCAT","dairy_cows","value","0.386",1,"internal","internal"
"CFI_BY_SUBCAT","other_cows","value","0.322",2,"internal","internal"
"CFI_BY_SUBCAT","bulls","value","0.37",3,"internal","internal"
"CFI_BY_SUBCAT","oxen","value","0.322",4,"internal","internal"
"CFI_BY_SUBCAT","heifers","value","0.322",5,"internal","internal"
"CFI_BY_SUBCAT","growing_males","value","0.322",6,"internal","internal"
"CFI_BY_SUBCAT","calves_female","value","0.322",7,"internal","internal"
"CFI_BY_SUBCAT","calves_male","value","0.322",8,"internal","internal"
"CFI_BY_SUBCAT","feedlot_cattle","value","0.322",9,"internal","internal"
"C_GROWTH_BY_SUBCAT","dairy_cows","value","0.8",1,"",""
"C_GROWTH_BY_SUBCAT","other_cows","value","0.8",2,"",""
"C_GROWTH_BY_SUBCAT","bulls","value","1.2",3,"",""
"C_GROWTH_BY_SUBCAT","oxen","value","1",4,"",""
"C_GROWTH_BY_SUBCAT","heifers","value","0.8",5,"",""
"C_GROWTH_BY_SUBCAT","growing_males","value","1",6,"",""
"C_GROWTH_BY_SUBCAT","calves_female","value","0.8",7,"",""
"C_GROWTH_BY_SUBCAT","calves_male","value","1",8,"",""
"C_GROWTH_BY_SUBCAT","feedlot_cattle","value","1",9,"",""
"LW_BY_SUBCAT","dairy_cows","value","275",1,"",""
"LW_BY_SUBCAT","other_cows","value","275",2,"",""
"LW_BY_SUBCAT","bulls","value","350",3,"",""
"LW_BY_SUBCAT","oxen","value","300",4,"",""
"LW_BY_SUBCAT","heifers","value","200",5,"",""
"LW_BY_SUBCAT","growing_males","value","200",6,"",""
"LW_BY_SUBCAT","calves_female","value","60",7,"",""
"LW_BY_SUBCAT","calves_male","value","60",8,"",""
"LW_BY_SUBCAT","feedlot_cattle","value","250",9,"",""
"MW_BY_SUBCAT","dairy_cows","value","300",1,"",""
"MW_BY_SUBCAT","other_cows","value","300",2,"",""
"MW_BY_SUBCAT","bulls","value","400",3,"",""
"MW_BY_SUBCAT","oxen","value","350",4,"",""
"MW_BY_SUBCAT","heifers","value","300",5,"",""
"MW_BY_SUBCAT","growing_males","value","350",6,"",""
"MW_BY_SUBCAT","calves_female","value","300",7,"",""
"MW_BY_SUBCAT","calves_male","value","350",8,"",""
"MW_BY_SUBCAT","feedlot_cattle","value","400",9,"",""
"WG_BY_SUBCAT","dairy_cows","value","0",1,"",""
"WG_BY_SUBCAT","other_cows","value","0",2,"",""
"WG_BY_SUBCAT","bulls","value","0",3,"",""
"WG_BY_SUBCAT","oxen","value","0",4,"",""
"WG_BY_SUBCAT","heifers","value","0.25",5,"",""
"WG_BY_SUBCAT","growing_males","value","0.2",6,"",""
"WG_BY_SUBCAT","calves_female","value","0.3",7,"",""
"WG_BY_SUBCAT","calves_male","value","0.3",8,"",""
"WG_BY_SUBCAT","feedlot_cattle","value","1",9,"",""
"PCT_PREGNANT_BY_SUBCAT","dairy_cows","value","0.85",1,"",""
"PCT_PREGNANT_BY_SUBCAT","other_cows","value","0.85",2,"",""
"PCT_PREGNANT_BY_SUBCAT","heifers","value","0.5",3,"",""
"FEEDING_SITUATION_CA","stall_fed","value","0",1,"",""
"FEEDING_SITUATION_CA","pasture_flat","value","0.17",2,"",""
"FEEDING_SITUATION_CA","pasture_hilly","value","0.36",3,"",""
"IPCC_DEFAULTS_BY_REGION","africa","parameter","BW",1,"",""
"IPCC_DEFAULTS_BY_REGION","africa","default_val","275",1,"R7 #3","reviewer"
"IPCC_DEFAULTS_BY_REGION","asia","parameter","BW",2,"",""
"IPCC_DEFAULTS_BY_REGION","asia","default_val","350",2,"R7 #3","reviewer"
"IPCC_DEFAULTS_BY_REGION","europe","parameter","BW",3,"",""
"IPCC_DEFAULTS_BY_REGION","europe","default_val","600",3,"R7 #3","reviewer"
"IPCC_DEFAULTS_BY_REGION","americas","parameter","BW",4,"",""
"IPCC_DEFAULTS_BY_REGION","americas","default_val","500",4,"R7 #3","reviewer"
"IPCC_DEFAULTS_BY_REGION","oceania","parameter","BW",5,"",""
"IPCC_DEFAULTS_BY_REGION","oceania","default_val","500",5,"R7 #3","reviewer"
"IPCC_DEFAULTS_BY_REGION","global","parameter","BW",6,"",""
"IPCC_DEFAULTS_BY_REGION","global","default_val","400",6,"R7 #3","reviewer"
"GWP_VALUES","AR4.CH4","value","25",1,"",""
"GWP_VALUES","AR4.N2O","value","298",2,"",""
"GWP_VALUES","AR5.CH4","value","28",3,"",""
"GWP_VALUES","AR5.N2O","value","265",4,"",""
"GWP_VALUES","AR6.CH4","value","27",5,"internal","internal"
"GWP_VALUES","AR6.N2O","value","273",6,"",""
